-- Support groups
INSERT INTO public.support_groups (id, name, manager, members, created_at, updated_at) VALUES ('sg-infra', 'Infrastructure Operations', 'Sarah Whitman', ARRAY['Liam Chen', 'Priya Kapoor', 'Marcus Reed', 'Hana Suzuki', 'Diego Alvarez'], '2026-06-29T10:25:46.588Z'::timestamptz, '2026-06-29T10:25:46.588Z'::timestamptz) ON CONFLICT DO NOTHING;
INSERT INTO public.support_groups (id, name, manager, members, created_at, updated_at) VALUES ('sg-security', 'Security & Compliance', 'Jonas Becker', ARRAY['Amira Khan', 'Ravi Subramanian', 'Elena Petrov', 'Tom Whitley'], '2026-06-29T10:25:46.588Z'::timestamptz, '2026-06-29T10:25:46.588Z'::timestamptz) ON CONFLICT DO NOTHING;
INSERT INTO public.support_groups (id, name, manager, members, created_at, updated_at) VALUES ('sg-database', 'Database Engineering', 'Olivia Martens', ARRAY['Wei Zhang', 'Noah Fitzgerald', 'Yara Haddad', 'Felix Bauer'], '2026-06-29T10:25:46.589Z'::timestamptz, '2026-06-29T10:25:46.589Z'::timestamptz) ON CONFLICT DO NOTHING;
INSERT INTO public.support_groups (id, name, manager, members, created_at, updated_at) VALUES ('sg-network', 'Network & Connectivity', 'Daniel Okafor', ARRAY['Mei Lin', 'Carlos Vega', 'Anya Sokolov', 'Ben Hartman'], '2026-06-29T10:25:46.589Z'::timestamptz, '2026-06-29T10:25:46.589Z'::timestamptz) ON CONFLICT DO NOTHING;
INSERT INTO public.support_groups (id, name, manager, members, created_at, updated_at) VALUES ('sg-app', 'Application Support', 'Rachel Goldberg', ARRAY['Theo Russo', 'Sana Iqbal', 'Kenji Watanabe', 'Lara Novak', 'Owen Briggs'], '2026-06-29T10:25:46.590Z'::timestamptz, '2026-06-29T10:25:46.590Z'::timestamptz) ON CONFLICT DO NOTHING;

-- Locations master
INSERT INTO public.locations_master (location_name, status, created_at, updated_at) VALUES ('Sydney DC1 — Rack A14', 'Active', '2026-06-29T10:25:46.590Z'::timestamptz, '2026-06-29T10:25:46.590Z'::timestamptz) ON CONFLICT DO NOTHING;
INSERT INTO public.locations_master (location_name, status, created_at, updated_at) VALUES ('Sydney DC1 — Rack A15', 'Active', '2026-06-29T10:25:46.590Z'::timestamptz, '2026-06-29T10:25:46.590Z'::timestamptz) ON CONFLICT DO NOTHING;
INSERT INTO public.locations_master (location_name, status, created_at, updated_at) VALUES ('Sydney DC2 — Rack B07', 'Active', '2026-06-29T10:25:46.590Z'::timestamptz, '2026-06-29T10:25:46.590Z'::timestamptz) ON CONFLICT DO NOTHING;
INSERT INTO public.locations_master (location_name, status, created_at, updated_at) VALUES ('Sydney DC1 — Rack C03', 'Active', '2026-06-29T10:25:46.590Z'::timestamptz, '2026-06-29T10:25:46.590Z'::timestamptz) ON CONFLICT DO NOTHING;
INSERT INTO public.locations_master (location_name, status, created_at, updated_at) VALUES ('Sydney DC1 — Rack A16', 'Active', '2026-06-29T10:25:46.590Z'::timestamptz, '2026-06-29T10:25:46.590Z'::timestamptz) ON CONFLICT DO NOTHING;
INSERT INTO public.locations_master (location_name, status, created_at, updated_at) VALUES ('Sydney DC1 — Rack A02', 'Active', '2026-06-29T10:25:46.590Z'::timestamptz, '2026-06-29T10:25:46.590Z'::timestamptz) ON CONFLICT DO NOTHING;
INSERT INTO public.locations_master (location_name, status, created_at, updated_at) VALUES ('Sydney DC1 — DMZ Cage', 'Active', '2026-06-29T10:25:46.590Z'::timestamptz, '2026-06-29T10:25:46.590Z'::timestamptz) ON CONFLICT DO NOTHING;
INSERT INTO public.locations_master (location_name, status, created_at, updated_at) VALUES ('Sydney DC2 — Rack B11', 'Active', '2026-06-29T10:25:46.590Z'::timestamptz, '2026-06-29T10:25:46.590Z'::timestamptz) ON CONFLICT DO NOTHING;
INSERT INTO public.locations_master (location_name, status, created_at, updated_at) VALUES ('Sydney DC2 — Rack C09', 'Active', '2026-06-29T10:25:46.590Z'::timestamptz, '2026-06-29T10:25:46.590Z'::timestamptz) ON CONFLICT DO NOTHING;
INSERT INTO public.locations_master (location_name, status, created_at, updated_at) VALUES ('Sydney DC1 — Rack A19', 'Active', '2026-06-29T10:25:46.590Z'::timestamptz, '2026-06-29T10:25:46.590Z'::timestamptz) ON CONFLICT DO NOTHING;

-- OS master
INSERT INTO public.os_master (os_name, os_support_end_date, status, created_at, updated_at) VALUES ('Windows Server 2022', '2031-10-14', 'Active', '2026-06-29T10:25:46.590Z'::timestamptz, '2026-06-29T10:25:46.590Z'::timestamptz) ON CONFLICT DO NOTHING;
INSERT INTO public.os_master (os_name, os_support_end_date, status, created_at, updated_at) VALUES ('Windows Server 2019', '2029-01-09', 'Active', '2026-06-29T10:25:46.590Z'::timestamptz, '2026-06-29T10:25:46.590Z'::timestamptz) ON CONFLICT DO NOTHING;
INSERT INTO public.os_master (os_name, os_support_end_date, status, created_at, updated_at) VALUES ('Windows Server 2016', '2027-01-12', 'Active', '2026-06-29T10:25:46.590Z'::timestamptz, '2026-06-29T10:25:46.590Z'::timestamptz) ON CONFLICT DO NOTHING;

-- Server general details
INSERT INTO public.server_general_details (id, servername, serial_number, ilo, location, soci_asset, pci_asset, model, ip_address, os, os_support_end_date, internet_facing, status, network, domain, is_patched, build_date, business_function, build_engineer, server_description, alive, notes, software_installed_url, backup_details_url, patch_contact, design_engineer, primary_group_id, affected_groups, created_at, updated_at) VALUES ('srv-1', 'PRD-WEB-AU01', 'MXQ8421KZL', '10.42.1.11', 'Sydney DC1 — Rack A14', 'SOCI-A-1102', 'PCI-2241', 'HPE ProLiant DL380 Gen10', '10.20.4.21', 'Windows Server 2022', '2031-10-14', 'Yes', 'Active', 'Production', 'corp.example.com', 'Yes', '2022-04-12', 'Customer Web Portal', 'Liam Chen', 'Front-end web server hosting customer portal behind load balancer.', 'Yes', 'Pinned to LB pool A. Coordinate with App Support before reboot.', 'https://cmdb.example.com/srv/PRD-WEB-AU01/software', 'https://backup.example.com/jobs/PRD-WEB-AU01', 'Sarah Whitman', 'Marcus Reed', 'sg-infra', '[{"groupId":"sg-security","selectedMembers":["Amira Khan","Tom Whitley"]},{"groupId":"sg-app","selectedMembers":["Theo Russo"]}]'::jsonb, '2026-06-29T10:25:46.590Z'::timestamptz, '2026-06-29T10:25:46.590Z'::timestamptz) ON CONFLICT DO NOTHING;
INSERT INTO public.server_general_details (id, servername, serial_number, ilo, location, soci_asset, pci_asset, model, ip_address, os, os_support_end_date, internet_facing, status, network, domain, is_patched, build_date, business_function, build_engineer, server_description, alive, notes, software_installed_url, backup_details_url, patch_contact, design_engineer, primary_group_id, affected_groups, created_at, updated_at) VALUES ('srv-2', 'PRD-DB-AU01', 'MXQ8422PMR', '10.42.1.12', 'Sydney DC1 — Rack A15', 'SOCI-A-1103', 'PCI-2242', 'HPE ProLiant DL560 Gen10', '10.20.4.22', 'Windows Server 2019', '2029-01-09', 'No', 'Active', 'Production', 'corp.example.com', 'Yes', '2021-08-03', 'Primary SQL Cluster', 'Wei Zhang', 'Primary node of Always-On availability group.', 'Yes', 'Tier-0. Change-board approval required.', 'https://cmdb.example.com/srv/PRD-DB-AU01/software', 'https://backup.example.com/jobs/PRD-DB-AU01', 'Olivia Martens', 'Noah Fitzgerald', 'sg-database', '[{"groupId":"sg-infra","selectedMembers":["Liam Chen"]}]'::jsonb, '2026-06-29T10:25:46.590Z'::timestamptz, '2026-06-29T10:25:46.591Z'::timestamptz) ON CONFLICT DO NOTHING;
INSERT INTO public.server_general_details (id, servername, serial_number, ilo, location, soci_asset, pci_asset, model, ip_address, os, os_support_end_date, internet_facing, status, network, domain, is_patched, build_date, business_function, build_engineer, server_description, alive, notes, software_installed_url, backup_details_url, patch_contact, design_engineer, primary_group_id, affected_groups, created_at, updated_at) VALUES ('srv-3', 'PRD-APP-AU02', 'MXQ8423JKM', '10.42.1.13', 'Sydney DC2 — Rack B07', 'SOCI-A-1104', 'PCI-2243', 'Dell PowerEdge R750', '10.20.5.31', 'Windows Server 2022', '2031-10-14', 'No', 'Maintenance', 'Production', 'corp.example.com', 'No', '2023-02-19', 'Order Processing API', 'Theo Russo', 'Hosts order-API microservices for retail channel.', 'No', 'RAM upgrade in progress. ETA 2 hrs.', 'https://cmdb.example.com/srv/PRD-APP-AU02/software', 'https://backup.example.com/jobs/PRD-APP-AU02', 'Rachel Goldberg', 'Sana Iqbal', 'sg-app', '[{"groupId":"sg-infra","selectedMembers":["Marcus Reed"]}]'::jsonb, '2026-06-29T10:25:46.591Z'::timestamptz, '2026-06-29T10:25:46.591Z'::timestamptz) ON CONFLICT DO NOTHING;
INSERT INTO public.server_general_details (id, servername, serial_number, ilo, location, soci_asset, pci_asset, model, ip_address, os, os_support_end_date, internet_facing, status, network, domain, is_patched, build_date, business_function, build_engineer, server_description, alive, notes, software_installed_url, backup_details_url, patch_contact, design_engineer, primary_group_id, affected_groups, created_at, updated_at) VALUES ('srv-4', 'DEV-WEB-AU01', 'MXQ8424TBN', '10.42.2.11', 'Sydney DC1 — Rack C03', 'SOCI-A-1105', 'PCI-2244', 'HPE ProLiant DL360 Gen10', '10.30.4.21', 'Windows Server 2019', '2029-01-09', 'No', 'Active', 'Development', 'dev.example.com', 'Yes', '2020-11-22', 'Dev sandbox web tier', 'Hana Suzuki', 'Dev sandbox for portal team.', 'Yes', 'No change control required for non-prod.', 'https://cmdb.example.com/srv/DEV-WEB-AU01/software', 'https://backup.example.com/jobs/DEV-WEB-AU01', 'Liam Chen', 'Marcus Reed', 'sg-infra', '[]'::jsonb, '2026-06-29T10:25:46.591Z'::timestamptz, '2026-06-29T10:25:46.591Z'::timestamptz) ON CONFLICT DO NOTHING;
INSERT INTO public.server_general_details (id, servername, serial_number, ilo, location, soci_asset, pci_asset, model, ip_address, os, os_support_end_date, internet_facing, status, network, domain, is_patched, build_date, business_function, build_engineer, server_description, alive, notes, software_installed_url, backup_details_url, patch_contact, design_engineer, primary_group_id, affected_groups, created_at, updated_at) VALUES ('srv-5', 'PRD-FILE-AU01', 'MXQ8425LWP', '10.42.1.14', 'Sydney DC1 — Rack A16', 'SOCI-A-1106', 'PCI-2245', 'Dell PowerEdge R740xd', '10.20.4.40', 'Windows Server 2016', '2027-01-12', 'No', 'Active', 'Production', 'corp.example.com', 'No', '2019-06-15', 'Corporate file shares', 'Diego Alvarez', 'DFS namespace host for HQ file shares.', 'Yes', 'EOL approaching — migration to 2022 planned Q2.', 'https://cmdb.example.com/srv/PRD-FILE-AU01/software', 'https://backup.example.com/jobs/PRD-FILE-AU01', 'Sarah Whitman', 'Priya Kapoor', 'sg-infra', '[{"groupId":"sg-security","selectedMembers":["Elena Petrov"]}]'::jsonb, '2026-06-29T10:25:46.591Z'::timestamptz, '2026-06-29T10:25:46.591Z'::timestamptz) ON CONFLICT DO NOTHING;
INSERT INTO public.server_general_details (id, servername, serial_number, ilo, location, soci_asset, pci_asset, model, ip_address, os, os_support_end_date, internet_facing, status, network, domain, is_patched, build_date, business_function, build_engineer, server_description, alive, notes, software_installed_url, backup_details_url, patch_contact, design_engineer, primary_group_id, affected_groups, created_at, updated_at) VALUES ('srv-6', 'PRD-DC-AU01', 'MXQ8426QHV', '10.42.1.15', 'Sydney DC1 — Rack A02', 'SOCI-A-1107', 'PCI-2246', 'HPE ProLiant DL360 Gen10', '10.20.1.10', 'Windows Server 2022', '2031-10-14', 'No', 'Active', 'Production', 'corp.example.com', 'Yes', '2023-09-04', 'Domain controller (primary)', 'Priya Kapoor', 'Primary AD DS DC for corp domain.', 'Yes', 'Tier-0 identity asset.', 'https://cmdb.example.com/srv/PRD-DC-AU01/software', 'https://backup.example.com/jobs/PRD-DC-AU01', 'Jonas Becker', 'Amira Khan', 'sg-security', '[{"groupId":"sg-infra","selectedMembers":["Sarah Whitman"]}]'::jsonb, '2026-06-29T10:25:46.592Z'::timestamptz, '2026-06-29T10:25:46.592Z'::timestamptz) ON CONFLICT DO NOTHING;
INSERT INTO public.server_general_details (id, servername, serial_number, ilo, location, soci_asset, pci_asset, model, ip_address, os, os_support_end_date, internet_facing, status, network, domain, is_patched, build_date, business_function, build_engineer, server_description, alive, notes, software_installed_url, backup_details_url, patch_contact, design_engineer, primary_group_id, affected_groups, created_at, updated_at) VALUES ('srv-7', 'PRD-DMZ-AU01', 'MXQ8427RXC', '10.42.3.11', 'Sydney DC1 — DMZ Cage', 'SOCI-A-1108', 'PCI-2247', 'Dell PowerEdge R650', '203.0.113.21', 'Windows Server 2022', '2031-10-14', 'Yes', 'Down', 'DMZ', 'dmz.example.com', 'No', '2022-11-10', 'Reverse proxy / WAF', 'Carlos Vega', 'Edge reverse proxy. Currently offline.', 'No', 'P1 incident INC0044219 open.', 'https://cmdb.example.com/srv/PRD-DMZ-AU01/software', 'https://backup.example.com/jobs/PRD-DMZ-AU01', 'Daniel Okafor', 'Mei Lin', 'sg-network', '[{"groupId":"sg-security","selectedMembers":["Jonas Becker","Tom Whitley"]},{"groupId":"sg-infra","selectedMembers":["Sarah Whitman"]}]'::jsonb, '2026-06-29T10:25:46.592Z'::timestamptz, '2026-06-29T10:25:46.592Z'::timestamptz) ON CONFLICT DO NOTHING;
INSERT INTO public.server_general_details (id, servername, serial_number, ilo, location, soci_asset, pci_asset, model, ip_address, os, os_support_end_date, internet_facing, status, network, domain, is_patched, build_date, business_function, build_engineer, server_description, alive, notes, software_installed_url, backup_details_url, patch_contact, design_engineer, primary_group_id, affected_groups, created_at, updated_at) VALUES ('srv-8', 'PRD-MON-AU01', 'MXQ8428GYB', '10.42.1.16', 'Sydney DC2 — Rack B11', 'SOCI-A-1109', 'PCI-2248', 'HPE ProLiant DL380 Gen10', '10.20.6.55', 'Windows Server 2019', '2029-01-09', 'No', 'Active', 'Management', 'corp.example.com', 'Yes', '2021-03-28', 'Monitoring / SIEM collector', 'Felix Bauer', 'Hosts Splunk forwarder + telemetry agents.', 'Yes', 'Disk usage trending up — review retention policy.', 'https://cmdb.example.com/srv/PRD-MON-AU01/software', 'https://backup.example.com/jobs/PRD-MON-AU01', 'Rachel Goldberg', 'Owen Briggs', 'sg-app', '[{"groupId":"sg-security","selectedMembers":["Ravi Subramanian"]}]'::jsonb, '2026-06-29T10:25:46.592Z'::timestamptz, '2026-06-29T10:25:46.592Z'::timestamptz) ON CONFLICT DO NOTHING;
INSERT INTO public.server_general_details (id, servername, serial_number, ilo, location, soci_asset, pci_asset, model, ip_address, os, os_support_end_date, internet_facing, status, network, domain, is_patched, build_date, business_function, build_engineer, server_description, alive, notes, software_installed_url, backup_details_url, patch_contact, design_engineer, primary_group_id, affected_groups, created_at, updated_at) VALUES ('srv-9', 'TST-APP-AU01', 'MXQ8429FVS', '10.42.4.11', 'Sydney DC2 — Rack C09', 'SOCI-A-1110', 'PCI-2249', 'Dell PowerEdge R650', '10.40.4.21', 'Windows Server 2022', '2031-10-14', 'No', 'Active', 'Test', 'test.example.com', 'Yes', '2024-01-08', 'Pre-prod app tier', 'Lara Novak', 'UAT environment for order-API releases.', 'Yes', '—', 'https://cmdb.example.com/srv/TST-APP-AU01/software', 'https://backup.example.com/jobs/TST-APP-AU01', 'Theo Russo', 'Sana Iqbal', 'sg-app', '[]'::jsonb, '2026-06-29T10:25:46.592Z'::timestamptz, '2026-06-29T10:25:46.592Z'::timestamptz) ON CONFLICT DO NOTHING;
INSERT INTO public.server_general_details (id, servername, serial_number, ilo, location, soci_asset, pci_asset, model, ip_address, os, os_support_end_date, internet_facing, status, network, domain, is_patched, build_date, business_function, build_engineer, server_description, alive, notes, software_installed_url, backup_details_url, patch_contact, design_engineer, primary_group_id, affected_groups, created_at, updated_at) VALUES ('srv-10', 'PRD-BACKUP-AU01', 'MXQ8430DKE', '10.42.1.17', 'Sydney DC1 — Rack A19', 'SOCI-A-1111', 'PCI-2250', 'HPE Apollo 4200 Gen10', '10.20.7.10', 'Windows Server 2019', '2029-01-09', 'No', 'Active', 'Backup', 'corp.example.com', 'Yes', '2020-05-30', 'Backup repository / Veeam', 'Yara Haddad', 'Veeam B&R repository server, 360TB usable.', 'Yes', 'Quarterly capacity review due.', 'https://cmdb.example.com/srv/PRD-BACKUP-AU01/software', 'https://backup.example.com/jobs/PRD-BACKUP-AU01', 'Olivia Martens', 'Felix Bauer', 'sg-database', '[{"groupId":"sg-infra","selectedMembers":["Hana Suzuki"]}]'::jsonb, '2026-06-29T10:25:46.592Z'::timestamptz, '2026-06-29T10:25:46.592Z'::timestamptz) ON CONFLICT DO NOTHING;

-- Server summary
INSERT INTO public.server_summary (servername, essential8, patch_sequence, maintenance_comment, day, time, last_collated, priority, patch_category, patch_notes, created_at, updated_at) VALUES ('PRD-WEB-AU01', 'ML2', 'Wave 1', 'Quarterly window only.', 'Saturday', '22:00', '2026-06-29T09:50:46.588Z', 'High', 'Critical', 'October patch cycle complete. November pending.', '2026-06-29T10:25:46.593Z'::timestamptz, '2026-06-29T10:25:46.593Z'::timestamptz) ON CONFLICT DO NOTHING;
INSERT INTO public.server_summary (servername, essential8, patch_sequence, maintenance_comment, day, time, last_collated, priority, patch_category, patch_notes, created_at, updated_at) VALUES ('PRD-DB-AU01', 'ML3', 'Wave 3', 'Always patch secondary first.', 'Sunday', '01:00', '2026-06-29T10:13:46.588Z', 'High', 'Critical', 'Cumulative update KB5039217 applied.', '2026-06-29T10:25:46.593Z'::timestamptz, '2026-06-29T10:25:46.593Z'::timestamptz) ON CONFLICT DO NOTHING;
INSERT INTO public.server_summary (servername, essential8, patch_sequence, maintenance_comment, day, time, last_collated, priority, patch_category, patch_notes, created_at, updated_at) VALUES ('PRD-APP-AU02', 'ML2', 'Wave 2', 'In maintenance for memory upgrade.', 'Saturday', '23:00', '2026-06-29T04:25:46.588Z', 'High', 'Important', 'Holding patches until hardware change closes.', '2026-06-29T10:25:46.593Z'::timestamptz, '2026-06-29T10:25:46.593Z'::timestamptz) ON CONFLICT DO NOTHING;
INSERT INTO public.server_summary (servername, essential8, patch_sequence, maintenance_comment, day, time, last_collated, priority, patch_category, patch_notes, created_at, updated_at) VALUES ('DEV-WEB-AU01', 'ML1', 'Wave 4', 'Open patching window weekdays.', 'Wednesday', '20:00', '2026-06-29T08:55:46.588Z', 'Low', 'Standard', 'Latest CU applied.', '2026-06-29T10:25:46.593Z'::timestamptz, '2026-06-29T10:25:46.593Z'::timestamptz) ON CONFLICT DO NOTHING;
INSERT INTO public.server_summary (servername, essential8, patch_sequence, maintenance_comment, day, time, last_collated, priority, patch_category, patch_notes, created_at, updated_at) VALUES ('PRD-FILE-AU01', 'ML1', 'Wave 5', 'Patch only after hours, large user base.', 'Sunday', '02:00', '2026-06-28T08:25:46.588Z', 'Medium', 'Important', 'Behind by 2 cycles. Schedule catch-up.', '2026-06-29T10:25:46.593Z'::timestamptz, '2026-06-29T10:25:46.593Z'::timestamptz) ON CONFLICT DO NOTHING;
INSERT INTO public.server_summary (servername, essential8, patch_sequence, maintenance_comment, day, time, last_collated, priority, patch_category, patch_notes, created_at, updated_at) VALUES ('PRD-DC-AU01', 'ML3', 'Wave 1', 'Coordinated with secondary DC.', 'Saturday', '21:00', '2026-06-29T10:17:46.588Z', 'High', 'Critical', 'All current.', '2026-06-29T10:25:46.593Z'::timestamptz, '2026-06-29T10:25:46.593Z'::timestamptz) ON CONFLICT DO NOTHING;
INSERT INTO public.server_summary (servername, essential8, patch_sequence, maintenance_comment, day, time, last_collated, priority, patch_category, patch_notes, created_at, updated_at) VALUES ('PRD-DMZ-AU01', 'ML2', 'Wave 1', 'Outage — investigation in progress.', 'Friday', '23:30', '2026-06-29T07:25:46.588Z', 'High', 'Critical', 'Pending patch once back online.', '2026-06-29T10:25:46.593Z'::timestamptz, '2026-06-29T10:25:46.593Z'::timestamptz) ON CONFLICT DO NOTHING;
INSERT INTO public.server_summary (servername, essential8, patch_sequence, maintenance_comment, day, time, last_collated, priority, patch_category, patch_notes, created_at, updated_at) VALUES ('PRD-MON-AU01', 'ML2', 'Wave 3', 'Avoid daytime patching.', 'Sunday', '03:00', '2026-06-29T10:03:46.588Z', 'Medium', 'Important', 'All current.', '2026-06-29T10:25:46.593Z'::timestamptz, '2026-06-29T10:25:46.593Z'::timestamptz) ON CONFLICT DO NOTHING;
INSERT INTO public.server_summary (servername, essential8, patch_sequence, maintenance_comment, day, time, last_collated, priority, patch_category, patch_notes, created_at, updated_at) VALUES ('TST-APP-AU01', 'ML1', 'Wave 4', 'Mirror of PRD-APP-AU02.', 'Tuesday', '19:00', '2026-06-29T09:40:46.588Z', 'Low', 'Standard', 'Synced with prod patch level.', '2026-06-29T10:25:46.593Z'::timestamptz, '2026-06-29T10:25:46.593Z'::timestamptz) ON CONFLICT DO NOTHING;
INSERT INTO public.server_summary (servername, essential8, patch_sequence, maintenance_comment, day, time, last_collated, priority, patch_category, patch_notes, created_at, updated_at) VALUES ('PRD-BACKUP-AU01', 'ML2', 'Wave 5', 'Pause jobs before patch.', 'Sunday', '04:00', '2026-06-29T09:25:46.588Z', 'Medium', 'Important', 'All current.', '2026-06-29T10:25:46.593Z'::timestamptz, '2026-06-29T10:25:46.593Z'::timestamptz) ON CONFLICT DO NOTHING;

-- Done
